rewrite ^/en/MiTAC_holdings.php /en/MiTAC-holdings.php permanent;
rewrite ^/en/business_collaboration.php /en/business-collaboration.php permanent;
rewrite ^/en/company_overview.php /en/company-overview.php permanent;
rewrite ^/en/cookie_pocily.php /en/cookie-pocily.php permanent;
rewrite ^/en/core_competence.php /en/core-competence.php permanent;
rewrite ^/en/efficiency_improvement.php /en/efficiency-improvement.php permanent;
rewrite ^/en/fleet_management.php /en/fleet-management.php permanent;
rewrite ^/en/general_inquiry.php /en/general-inquiry.php permanent;
rewrite ^/en/global_glory.php /en/global-glory.php permanent;
rewrite ^/en/global_operation.php /en/global-operation.php permanent;
rewrite ^/en/innovative_engineering.php /en/innovative-engineering.php permanent;
rewrite ^/en/manufacturing_excellence.php /en/manufacturing-excellence.php permanent;
rewrite ^/en/own_brands.php /en/own-brands.php permanent;
rewrite ^/en/press_events_20170821.php /en/press-events-20170821.php permanent;
rewrite ^/en/press_events_20171012.php /en/press-events-20171012.php permanent;
rewrite ^/en/press_events_20190226.php /en/press-events-20190226.php permanent;
rewrite ^/en/press_events_20190411.php /en/press-events-20190411.php permanent;
rewrite ^/en/press_events_list.php /en/press-events-list.php permanent;
rewrite ^/en/privacy_policy.php /en/privacy-policy.php permanent;
rewrite ^/en/quality_management.php /en/quality-management.php permanent;
rewrite ^/en/safefy_enhancement.php /en/safefy-enhancement.php permanent;
rewrite ^/en/smart_dashcam.php /en/smart-dashcam.php permanent;
rewrite ^/en/terms_of_use.php /en/terms-of-use.php permanent;
rewrite ^/en/video_telematics.php /en/video-telematics.php permanent;

rewrite ^/tw/MiTAC_holdings.php /tw/MiTAC-holdings.php permanent;
rewrite ^/tw/business_collaboration.php /tw/business-collaboration.php permanent;
rewrite ^/tw/company_overview.php /tw/company-overview.php permanent;
rewrite ^/tw/cookie_pocily.php /tw/cookie-pocily.php permanent;
rewrite ^/tw/core_competence.php /tw/core-competence.php permanent;
rewrite ^/tw/efficiency_improvement.php /tw/efficiency-improvement.php permanent;
rewrite ^/tw/fleet_management.php /tw/fleet-management.php permanent;
rewrite ^/tw/general_inquiry.php /tw/general-inquiry.php permanent;
rewrite ^/tw/global_glory.php /tw/global-glory.php permanent;
rewrite ^/tw/global_operation.php /tw/global-operation.php permanent;
rewrite ^/tw/innovative_engineering.php /tw/innovative-engineering.php permanent;
rewrite ^/tw/manufacturing_excellence.php /tw/manufacturing-excellence.php permanent;
rewrite ^/tw/own_brands.php /tw/own-brands.php permanent;
rewrite ^/tw/press_events_20170821.php /tw/press-events-20170821.php permanent;
rewrite ^/tw/press_events_20171012.php /tw/press-events-20171012.php permanent;
rewrite ^/tw/press_events_20190226.php /tw/press-events-20190226.php permanent;
rewrite ^/tw/press_events_20190411.php /tw/press-events-20190411.php permanent;
rewrite ^/tw/press_events_20200330.php /tw/press-events-20200330.php permanent;
rewrite ^/tw/press_events_list.php /tw/press-events-list.php permanent;
rewrite ^/tw/privacy_policy.php /tw/privacy-policy.php permanent;
rewrite ^/tw/quality_management.php /tw/quality-management.php permanent;
rewrite ^/tw/safefy_enhancement.php /tw/safefy-enhancement.php permanent;
rewrite ^/tw/smart_dashcam.php /tw/smart-dashcam.php permanent;
rewrite ^/tw/terms_of_use.php /tw/terms-of-use.php permanent;
rewrite ^/tw/video_telematics.php /tw/video-telematics.php permanent;
